Sub-Category,Profit
Accessories,120948.4639
Appliances,64838.1126
Art,18405.0427
Binders,72891.4925
Bookcases,-18487.3064
Chairs,91613.1872
Copiers,175559.48930000002
Envelopes,19671.7635
Fasteners,3062.6459
Furnishings,40415.0182
Labels,18302.6927
Machines,50.75880000000022
Paper,108444.6281
Phones,137831.675
Storage,59396.193
Supplies,-3433.7908
Tables,-55420.3918
